Workbook

Sheet Master_Price_List
A1: Brand | B1: SKU | C1: Product Name | D1: Category | E1: Sub-Category | F1: Collection | G1: Finish | H1: MSRP (USD) | I1: MAP Price (USD) | J1: Dealer Cost (USD) | K1: Margin % | L1: UPC | M1: Status | N1: Unit | O1: Price Effective | P1: Shipping Cost | Q1: Source File | R1: Last Synced
A2: Ruvati | B2: RVA1022BL | C2: Accessories - Black | D2: Accessories | E2: Accessories | F2: Accessories | G2: Black | H2: 61.25 | I2: 49 | J2: 34 | K2: =IF(AND(H2<>"",J2<>""),(H2-J2)/H2,"") | M2: CURRENT | N2: EACH | P2: 6 | Q2: Ruvati Price List - 2025.xlsx
A3: Ruvati | B3: RVH5003BL | C3: Kitchen Sink - Giana Black | D3: Kitchen Sink | E3: Undermount | F3: Giana | G3: Black | H3: 673.75 | I3: 539 | J3: 439 | K3: =IF(AND(H3<>"",J3<>""),(H3-J3)/H3,"") | M3: CURRENT | N3: EACH | P3: 50 | Q3: Ruvati Price List - 2025.xlsx
A4: Deltana | B4: 12EFB10B | C4: Extension Flush Bolt 12" US10B | D4: Hardware | E4: Door Hardware | G4: US10B | H4: 39 | K4: =IF(AND(H4<>"",J4<>""),(H4-J4)/H4,"") | L4: 7609232586040 | M4: CURRENT | N4: EACH | Q4: PRICE LIST DELTANA DECEMBER 2024.xlsx
A5: BLANCO | B5: 443033 | C5: Air Gap - Chrome | D5: Accessory | E5: Air Gap | G5: Chrome | H5: 65 | K5: =IF(AND(H5<>"",J5<>""),(H5-J5)/H5,"") | L5: 4020684771412 | M5: CURRENT | N5: EACH | O5: 2024-02-01 | Q5: BLANCO America List Price 2024.xlsx
A6: California Faucets | C6: (Populated by sync) | D6: Faucet | K6: =IF(AND(H6<>"",J6<>""),(H6-J6)/H6,"") | N6: EACH | Q6: 2025-California-Faucets-Dealer-Pricing-v1.3.xlsx

Sheet Brand_Summary
A1: Brand | B1: Total SKUs | C1: Categories | D1: Avg MSRP | E1: Avg Dealer Cost | F1: Avg Margin | G1: Source File | H1: Last Updated
A2: Ruvati | B2: =COUNTIF(Master_Price_List!A:A,A2) | C2: Sinks, Faucets, Accessories | D2: =AVERAGEIFS(Master_Price_List!H:H,Master_Price_List!A:A,A2) | E2: =AVERAGEIFS(Master_Price_List!J:J,Master_Price_List!A:A,A2) | F2: =IFERROR(1-(E2/D2),"") | G2: Ruvati Price List - 2025.xlsx
A3: Deltana | B3: =COUNTIF(Master_Price_List!A:A,A3) | C3: Door Hardware, Cabinet Hardware | D3: =AVERAGEIFS(Master_Price_List!H:H,Master_Price_List!A:A,A3) | E3: =AVERAGEIFS(Master_Price_List!J:J,Master_Price_List!A:A,A3) | F3: =IFERROR(1-(E3/D3),"") | G3: PRICE LIST DELTANA DECEMBER 2024.xlsx
A4: BLANCO | B4: =COUNTIF(Master_Price_List!A:A,A4) | C4: Sinks, Faucets, Accessories | D4: =AVERAGEIFS(Master_Price_List!H:H,Master_Price_List!A:A,A4) | E4: =AVERAGEIFS(Master_Price_List!J:J,Master_Price_List!A:A,A4) | F4: =IFERROR(1-(E4/D4),"") | G4: BLANCO America List Price 2024.xlsx
A5: California Faucets | B5: =COUNTIF(Master_Price_List!A:A,A5) | C5: Faucets, Bath Hardware | D5: =AVERAGEIFS(Master_Price_List!H:H,Master_Price_List!A:A,A5) | E5: =AVERAGEIFS(Master_Price_List!J:J,Master_Price_List!A:A,A5) | F5: =IFERROR(1-(E5/D5),"") | G5: California-Faucets-Dealer-Pricing-v1.3.xlsx
A6: Emtek | B6: =COUNTIF(Master_Price_List!A:A,A6) | C6: Door Hardware | D6: =AVERAGEIFS(Master_Price_List!H:H,Master_Price_List!A:A,A6) | E6: =AVERAGEIFS(Master_Price_List!J:J,Master_Price_List!A:A,A6) | F6: =IFERROR(1-(E6/D6),"") | G6: 2025 Emtek Door Hardware Price Book (PDF)
A7: Yale | B7: =COUNTIF(Master_Price_List!A:A,A7) | C7: Door Hardware, Expressions | D7: =AVERAGEIFS(Master_Price_List!H:H,Master_Price_List!A:A,A7) | E7: =AVERAGEIFS(Master_Price_List!J:J,Master_Price_List!A:A,A7) | F7: =IFERROR(1-(E7/D7),"") | G7: 2025 Yale Expressions Price Book (PDF)
A8: Emtek/Schaub | B8: =COUNTIF(Master_Price_List!A:A,A8) | C8: Cabinet & Bath Hardware | D8: =AVERAGEIFS(Master_Price_List!H:H,Master_Price_List!A:A,A8) | E8: =AVERAGEIFS(Master_Price_List!J:J,Master_Price_List!A:A,A8) | F8: =IFERROR(1-(E8/D8),"") | G8: Emtek Schaub Cabinet Bath Hardware (PNG)
A9: Rayito | B9: =COUNTIF(Master_Price_List!A:A,A9) | C9: Artisan Products | D9: =AVERAGEIFS(Master_Price_List!H:H,Master_Price_List!A:A,A9) | E9: =AVERAGEIFS(Master_Price_List!J:J,Master_Price_List!A:A,A9) | F9: =IFERROR(1-(E9/D9),"") | G9: Catálogo Rayito 2025 (PDF)
A10: BJO | B10: =COUNTIF(Master_Price_List!A:A,A10) | C10: Fixtures | D10: =AVERAGEIFS(Master_Price_List!H:H,Master_Price_List!A:A,A10) | E10: =AVERAGEIFS(Master_Price_List!J:J,Master_Price_List!A:A,A10) | F10: =IFERROR(1-(E10/D10),"") | G10: Lista de Precios BJO Abril 2025 (PDF)
A11: Mistoa | B11: =COUNTIF(Master_Price_List!A:A,A11) | C11: Distributor Products | D11: =AVERAGEIFS(Master_Price_List!H:H,Master_Price_List!A:A,A11) | E11: =AVERAGEIFS(Master_Price_List!J:J,Master_Price_List!A:A,A11) | F11: =IFERROR(1-(E11/D11),"") | G11: Tabla Precios Distribuidores Mistoa (PDF)

Sheet Sync_Log
A1: Timestamp | B1: Brand | C1: Action | D1: Rows Added | E1: Rows Updated | F1: Rows Removed | G1: Source File | H1: Status | I1: Notes
